dimension,n_comments,share_dataset,hate_rate,score_mean,score_std
race,10325,0.26096297232402377,0.2526876513317191,-0.9121365617433416,1.988022534621847
religion,5688,0.14376342727157843,0.2088607594936709,-1.2349173699015472,2.079443797334066
origin,6076,0.15357007456084923,0.2514812376563529,-0.9321691902567478,2.03961105023137
gender,12828,0.3242259572854796,0.2993451824134705,-0.7022723729342064,2.028039804320669
sexuality,6419,0.16223935296347783,0.28291011060912913,-1.259213273095498,2.4137494940402595
age,676,0.017085808163781118,0.20562130177514792,-1.117189349112426,1.993078415421662
disability,827,0.020902312650069504,0.4788391777509069,0.09552599758162034,1.8473210254786816
politics,1439,0.036370529508403894,0.3092425295343989,-0.35974982626824187,1.6955857173414135
(non-targeted),1943,0.04910906103879692,0.23108594956253217,-0.9603551209469892,1.949517019455994
